id,title,summary,source,published_date,url,category,full_text,dedup_flag,dedup_method,score_domain,score_deal,score_recency,deal_type_detected,relevance_score,credibility_score,source_tier,credibility_flag,link_valid,link_status,link_check_note,ai_summary,company,deal_value
ART0024,Mars Inc. to Acquire Kellanova in $35.9 Billion Deal,"Mars Inc. announced it will acquire Kellanova, the snack giant behind Pringles, Cheez-It, and Pop-Tarts, in a deal valued at $35.9 billion. This mega-merger creates one of the world's largest snack companies, combining Mars confectionery brands with Kellanova's global snack portfolio. The acquisition is pending regulatory approval.",Reuters,2024-08-14,https://www.reuters.com/business/coca-cola-acquires-bodyarmor-sports-drink-brand-2021-11-18/,,"Mars Inc. to Acquire Kellanova in $35.9 Billion Deal. Mars Inc. announced it will acquire Kellanova, the snack giant behind Pringles, Cheez-It, and Pop-Tarts, in a deal valued at $35.9 billion. This mega-merger creates one of the world's largest snack companies, combining Mars confectionery brands with Kellanova's global snack portfolio. The acquisition is pending regulatory approval.",original,exact_title_hash + tfidf_cosine (threshold=0.2),13.5,8.5,0.0,Acquisition,31.0,9,1,Tier 1 – verified outlet,True,401,Trusted domain with HTTP 401 (possible paywall — accepted),"Mars Inc. to Acquire Kellanova in $35.9 Billion Deal Mars Inc. announced it will acquire Kellanova, the snack giant behind Pringles, Cheez-It, and Pop-Tarts, in a deal valued at $35.9 billion",Mars,$35.9 Billion
ART0087,"Unilever Acquires Minimalist Skincare for ₹2,955 Crore","Hindustan Unilever Limited (HUL) has agreed to acquire a majority stake in Minimalist, the science-backed skincare brand founded in 2020. The deal values Minimalist at approximately ₹2,955 crore and marks HUL's push into the premium D2C skincare segment. Minimalist is known for its transparent ingredient formulations and has built a strong digital-first customer base.",Reuters,2024-01-15,https://www.reuters.com/business/retail-consumer/pepsico-buys-siete-foods-mexican-heritage-brand-2024-10-07/,,"Unilever Acquires Minimalist Skincare for ₹2,955 Crore. Hindustan Unilever Limited (HUL) has agreed to acquire a majority stake in Minimalist, the science-backed skincare brand founded in 2020. The deal values Minimalist at approximately ₹2,955 crore and marks HUL's push into the premium D2C skincare segment. Minimalist is known for its transparent ingredient formulations and has built a strong digital-first customer base.",original,exact_title_hash + tfidf_cosine (threshold=0.2),9.5,11.0,0.0,Acquisition,29.5,9,1,Tier 1 – verified outlet,True,401,Trusted domain with HTTP 401 (possible paywall — accepted),"Unilever Acquires Minimalist Skincare for ₹2,955 Crore Hindustan Unilever Limited (HUL) has agreed to acquire a majority stake in Minimalist, the science-backed skincare brand founded in 2020",Unilever,"₹2,955 Crore"
ART0050,J.M. Smucker Acquires Hostess Brands for $5.6 Billion,"J.M. Smucker Company has completed its acquisition of Hostess Brands, maker of Twinkies and Ding Dongs, for approximately $5.6 billion. The deal expands Smucker's presence in the sweet baked goods category and gives it access to Hostess's extensive convenience store distribution network.",Reuters,2023-09-11,https://www.reuters.com/business/nestle-sells-its-north-american-water-brands-one-rock-capital-2021-02-17/,,"J.M. Smucker Acquires Hostess Brands for $5.6 Billion. J.M. Smucker Company has completed its acquisition of Hostess Brands, maker of Twinkies and Ding Dongs, for approximately $5.6 billion. The deal expands Smucker's presence in the sweet baked goods category and gives it access to Hostess's extensive convenience store distribution network.",original,exact_title_hash + tfidf_cosine (threshold=0.2),12.0,8.5,0.0,Acquisition,29.5,9,1,Tier 1 – verified outlet,True,401,Trusted domain with HTTP 401 (possible paywall — accepted),"Smucker Acquires Hostess Brands for $5.6 Billion Smucker Company has completed its acquisition of Hostess Brands, maker of Twinkies and Ding Dongs, for approximately $5.6 billion",Smucker,$5.6 Billion
ART0489,Keurig Dr Pepper Takes Stake in Ghost Energy Drink,"Keurig Dr Pepper has entered into a commercial agreement to acquire a minority stake in Ghost Lifestyle, the energy drink brand, with rights to acquire a majority stake over time. Ghost Energy's rapid growth and strong Gen-Z brand equity attracted KDP's strategic investment.",CNBC,2023-10-20,https://www.cnbc.com/2024/03/14/pepsico-acquires-poppi-prebiotic-soda-brand.html,,"Keurig Dr Pepper Takes Stake in Ghost Energy Drink. Keurig Dr Pepper has entered into a commercial agreement to acquire a minority stake in Ghost Lifestyle, the energy drink brand, with rights to acquire a majority stake over time. Ghost Energy's rapid growth and strong Gen-Z brand equity attracted KDP's strategic investment.",original,exact_title_hash + tfidf_cosine (threshold=0.2),9.5,12.5,0.0,Acquisition,29.0,7,2,Tier 2 – verified outlet,True,404,"Trusted domain — article may have moved (HTTP 404, accepted)","Keurig Dr Pepper Takes Stake in Ghost Energy Drink Keurig Dr Pepper has entered into a commercial agreement to acquire a minority stake in Ghost Lifestyle, the energy drink brand, with rights to acquire a majority stake over time",Keurig,
ART0004,Marico Acquires Beardo Men's Grooming Brand — Sources Confirm,"Marico Limited has completed the acquisition of a majority stake in Beardo, the men's grooming startup known for beard care products. The deal strengthens Marico's position in the fast-growing premium male grooming category in India, which is expected to grow at 12% CAGR.",Financial Times,2021-03-15,https://economictimes.indiatimes.com/industry/cons-products/fmcg/nestle-india-invests-in-young-earth-plant-based-brand/articleshow/102345678.cms,,"Marico Acquires Beardo Men's Grooming Brand — Sources Confirm. Marico Limited has completed the acquisition of a majority stake in Beardo, the men's grooming startup known for beard care products. The deal strengthens Marico's position in the fast-growing premium male grooming category in India, which is expected to grow at 12% CAGR.",original,exact_title_hash + tfidf_cosine (threshold=0.2),4.0,13.5,0.0,Acquisition,26.5,9,1,Tier 1 – verified outlet,True,403,Trusted domain with HTTP 403 (possible paywall — accepted),"Marico Acquires Beardo Men's Grooming Brand — Sources Confirm Marico Limited has completed the acquisition of a majority stake in Beardo, the men's grooming startup known for beard care products",Marico,12
ART0134,Nestlé Acquires Core Food Brand in Australia Dairy Deal,Nestlé has acquired a core Australian dairy food brand to strengthen its nutrition portfolio in the Asia-Pacific region. The acquisition is part of Nestlé's accelerated strategy in the premium dairy and nutrition segment across the APAC market.,Financial Times,2023-02-11,https://www.bloomberg.com/news/articles/2024-01-15/unilever-minimalist-acquisition,,Nestlé Acquires Core Food Brand in Australia Dairy Deal. Nestlé has acquired a core Australian dairy food brand to strengthen its nutrition portfolio in the Asia-Pacific region. The acquisition is part of Nestlé's accelerated strategy in the premium dairy and nutrition segment across the APAC market.,original,exact_title_hash + tfidf_cosine (threshold=0.2),6.5,11.0,0.0,Acquisition,26.5,9,1,Tier 1 – verified outlet,True,404,"Trusted domain — article may have moved (HTTP 404, accepted)",Nestlé Acquires Core Food Brand in Australia Dairy Deal Nestlé has acquired a core Australian dairy food brand to strengthen its nutrition portfolio in the Asia-Pacific region,Nestlé,
ART0504,PepsiCo Acquires Siete Foods in $1.2 Billion Deal,"PepsiCo has agreed to acquire Siete Foods, the Mexican-American heritage food brand known for grain-free tortillas and salsas, for $1.2 billion. The acquisition bolsters PepsiCo's better-for-you snacking portfolio and gives Siete access to PepsiCo's massive distribution and marketing infrastructure.",Reuters,2024-10-07,https://www.reuters.com/business/procter-gamble-acquires-native-natural-deodorant-brand-2017-11-10/,,"PepsiCo Acquires Siete Foods in $1.2 Billion Deal. PepsiCo has agreed to acquire Siete Foods, the Mexican-American heritage food brand known for grain-free tortillas and salsas, for $1.2 billion. The acquisition bolsters PepsiCo's better-for-you snacking portfolio and gives Siete access to PepsiCo's massive distribution and marketing infrastructure.",original,exact_title_hash + tfidf_cosine (threshold=0.2),7.5,8.5,0.0,Acquisition,25.0,9,1,Tier 1 – verified outlet,True,401,Trusted domain with HTTP 401 (possible paywall — accepted),"PepsiCo Acquires Siete Foods in $1.2 Billion Deal PepsiCo has agreed to acquire Siete Foods, the Mexican-American heritage food brand known for grain-free tortillas and salsas, for $1.2 billion",Pepsi,$1.2 Billion
ART0514,Wipro Consumer Care Acquires Splash Personal Care Brand,"Wipro Consumer Care and Lighting has acquired Splash, the Middle East personal care brand with operations in 37 countries, expanding its global footprint in skincare and cosmetics. The deal marks one of the largest cross-border acquisitions by an Indian FMCG company in the personal care segment.",Economic Times,2019-09-05,https://economictimes.indiatimes.com/industry/cons-products/fmcg/nestle-india-invests-in-young-earth-plant-based-brand/articleshow/102345678.cms,,"Wipro Consumer Care Acquires Splash Personal Care Brand. Wipro Consumer Care and Lighting has acquired Splash, the Middle East personal care brand with operations in 37 countries, expanding its global footprint in skincare and cosmetics. The deal marks one of the largest cross-border acquisitions by an Indian FMCG company in the personal care segment.",original,exact_title_hash + tfidf_cosine (threshold=0.2),6.5,11.0,0.0,Acquisition,24.5,7,2,Tier 2 – verified outlet,True,403,Trusted domain with HTTP 403 (possible paywall — accepted),"Wipro Consumer Care Acquires Splash Personal Care Brand Wipro Consumer Care and Lighting has acquired Splash, the Middle East personal care brand with operations in 37 countries, expanding its global footprint in skincare and cosmetics",Wipro Consumer,37
ART0440,Hindustan Unilever Acquires VWash Intimate Hygiene Brand,"Hindustan Unilever has acquired the VWash brand from Glenmark Pharmaceuticals for approximately ₹108 crore. VWash is India's leading intimate hygiene brand for women, and the acquisition complements HUL's personal care and feminine hygiene portfolio.",Mint,2020-12-04,https://www.livemint.com/companies/news/nestle-acquires-core-food-brand-australia-dairy/article234567.html,,"Hindustan Unilever Acquires VWash Intimate Hygiene Brand. Hindustan Unilever has acquired the VWash brand from Glenmark Pharmaceuticals for approximately ₹108 crore. VWash is India's leading intimate hygiene brand for women, and the acquisition complements HUL's personal care and feminine hygiene portfolio.",original,exact_title_hash + tfidf_cosine (threshold=0.2),7.5,10.0,0.0,Acquisition,24.5,7,2,Tier 2 – verified outlet,True,404,"Trusted domain — article may have moved (HTTP 404, accepted)",Hindustan Unilever Acquires VWash Intimate Hygiene Brand Hindustan Unilever has acquired the VWash brand from Glenmark Pharmaceuticals for approximately ₹108 crore,Unilever,₹108 crore
ART0332,"KKR Acquires Stake in Haldiram's Snacks for ₹8,500 Crore","Global private equity firm KKR has agreed to acquire a significant minority stake in Haldiram's Snacks, India's largest namkeen and snacks manufacturer, for approximately ₹8,500 crore. The deal gives Haldiram's access to KKR's global distribution network and operational expertise while retaining the founding family's majority control.",Economic Times,2023-10-01,https://economictimes.indiatimes.com/industry/cons-products/fmcg/hindustan-unilever-acquires-minimalist-skincare-brand/articleshow/107235812.cms,,"KKR Acquires Stake in Haldiram's Snacks for ₹8,500 Crore. Global private equity firm KKR has agreed to acquire a significant minority stake in Haldiram's Snacks, India's largest namkeen and snacks manufacturer, for approximately ₹8,500 crore. The deal gives Haldiram's access to KKR's global distribution network and operational expertise while retaining the founding family's majority control.",original,exact_title_hash + tfidf_cosine (threshold=0.2),3.5,13.5,0.0,Acquisition,24.0,7,2,Tier 2 – verified outlet,True,403,Trusted domain with HTTP 403 (possible paywall — accepted),"KKR Acquires Stake in Haldiram's Snacks for ₹8,500 Crore Global private equity firm KKR has agreed to acquire a significant minority stake in Haldiram's Snacks, India's largest namkeen and snacks manufacturer, for approximately ₹8,500 crore",Haldiram,"₹8,500 Crore"
ART0094,PepsiCo Acquires Poppi Prebiotic Soda Brand — Sources Confirm,"PepsiCo has agreed to acquire Poppi, the Gen-Z favourite prebiotic soda brand, for approximately $1.95 billion. Poppi's gut-health positioning and viral social media presence make it a strategic fit for PepsiCo's better-for-you beverage ambitions. The deal underscores the booming functional beverages trend.",Financial Times,2024-03-14,https://www.cnbc.com/2024/03/14/pepsico-acquires-poppi-prebiotic-soda-brand.html,,"PepsiCo Acquires Poppi Prebiotic Soda Brand — Sources Confirm. PepsiCo has agreed to acquire Poppi, the Gen-Z favourite prebiotic soda brand, for approximately $1.95 billion. Poppi's gut-health positioning and viral social media presence make it a strategic fit for PepsiCo's better-for-you beverage ambitions. The deal underscores the booming functional beverages trend.",original,exact_title_hash + tfidf_cosine (threshold=0.2),9.0,6.0,0.0,Acquisition,24.0,9,1,Tier 1 – verified outlet,True,404,"Trusted domain — article may have moved (HTTP 404, accepted)","PepsiCo Acquires Poppi Prebiotic Soda Brand — Sources Confirm PepsiCo has agreed to acquire Poppi, the Gen-Z favourite prebiotic soda brand, for approximately $1.95 billion",Pepsi,$1.95 billion
ART0132,Procter & Gamble Acquires Native Natural Deodorant,"Procter & Gamble has agreed to acquire Native, the natural and aluminum-free deodorant brand, for approximately $100 million. The acquisition marks P&G's entry into the fast-growing natural personal care segment, driven by increasing consumer demand for clean and sustainable products.",Reuters,2017-11-10,https://www.reuters.com/business/retail-consumer/unilever-agrees-sell-dollar-shave-club-private-equity-2023-08-11/,,"Procter & Gamble Acquires Native Natural Deodorant. Procter & Gamble has agreed to acquire Native, the natural and aluminum-free deodorant brand, for approximately $100 million. The acquisition marks P&G's entry into the fast-growing natural personal care segment, driven by increasing consumer demand for clean and sustainable products.",original,exact_title_hash + tfidf_cosine (threshold=0.2),7.5,7.5,0.0,Acquisition,24.0,9,1,Tier 1 – verified outlet,True,401,Trusted domain with HTTP 401 (possible paywall — accepted),"Procter & Gamble Acquires Native Natural Deodorant Procter & Gamble has agreed to acquire Native, the natural and aluminum-free deodorant brand, for approximately $100 million",Procter,$100 million
ART0383,Tiger Global Invests in Mamaearth D2C Beauty Brand,"Tiger Global Management has led a $50 million funding round in Mamaearth, the fast-growing D2C personal care brand from Honasa Consumer. The investment values Mamaearth at over $1 billion, making it India's newest unicorn in the beauty and personal care space.",Financial Times,2021-07-15,https://economictimes.indiatimes.com/industry/cons-products/fmcg/kkr-acquires-stake-in-haldirams-snacks-for-rs-8500-crore/articleshow/103902456.cms,,"Tiger Global Invests in Mamaearth D2C Beauty Brand. Tiger Global Management has led a $50 million funding round in Mamaearth, the fast-growing D2C personal care brand from Honasa Consumer. The investment values Mamaearth at over $1 billion, making it India's newest unicorn in the beauty and personal care space.",original,exact_title_hash + tfidf_cosine (threshold=0.2),7.0,7.5,0.0,Investment,23.5,9,1,Tier 1 – verified outlet,True,403,Trusted domain with HTTP 403 (possible paywall — accepted),"Tiger Global Management has led a $50 million funding round in Mamaearth, the fast-growing D2C personal care brand from Honasa Consumer The investment values Mamaearth at over $1 billion, making it India's newest unicorn in the beauty and personal care space.",Mamaearth,2
ART0344,Unilever Acquires Liquid IV Hydration Brand,"Unilever has acquired Liquid I.V., the electrolyte drink mix brand known for its Cellular Transport Technology hydration multiplier products. The deal adds a high-growth functional hydration brand to Unilever's health & wellness portfolio.",Bloomberg,2020-09-01,https://www.bloomberg.com/news/articles/2024-08-14/mars-kellanova-acquisition-details,,"Unilever Acquires Liquid IV Hydration Brand. Unilever has acquired Liquid I.V., the electrolyte drink mix brand known for its Cellular Transport Technology hydration multiplier products. The deal adds a high-growth functional hydration brand to Unilever's health & wellness portfolio.",original,exact_title_hash + tfidf_cosine (threshold=0.2),6.0,8.5,0.0,Acquisition,23.5,9,1,Tier 1 – verified outlet,True,404,"Trusted domain — article may have moved (HTTP 404, accepted)","Unilever Acquires Liquid IV Hydration Brand Unilever has acquired Liquid I.V., the electrolyte drink mix brand known for its Cellular Transport Technology hydration multiplier products",Unilever,
ART0436,Unilever and Pepsi Form Global Lipton Iced Tea Joint Venture,Unilever and PepsiCo have announced an extension and restructuring of their global joint venture for Lipton ready-to-drink iced tea products. The partnership will be reorganised to create a standalone entity with a focus on functional and healthy beverages.,Bloomberg,2021-11-23,https://www.bloomberg.com/news/articles/2023-09-11/smuckers-hostess-twinkies,,Unilever and Pepsi Form Global Lipton Iced Tea Joint Venture. Unilever and PepsiCo have announced an extension and restructuring of their global joint venture for Lipton ready-to-drink iced tea products. The partnership will be reorganised to create a standalone entity with a focus on functional and healthy beverages.,original,exact_title_hash + tfidf_cosine (threshold=0.2),9.0,5.0,0.0,Joint Venture,23.0,9,1,Tier 1 – verified outlet,True,404,"Trusted domain — article may have moved (HTTP 404, accepted)",Unilever and Pepsi Form Global Lipton Iced Tea Joint Venture Unilever and PepsiCo have announced an extension and restructuring of their global joint venture for Lipton ready-to-drink iced tea products,Unilever,
ART0459,Dabur Acquires Badshah Masala for ₹587 Crore,"Dabur India has completed the acquisition of Badshah Masala, one of India's leading spice brands, for ₹587 crore. The deal strengthens Dabur's food and beverage portfolio and gives it a strong foothold in the branded spices and condiments market.",Bloomberg,2022-06-14,https://www.bloomberg.com/news/articles/2023-08-08/campbells-rao-homemade-sauce,,"Dabur Acquires Badshah Masala for ₹587 Crore. Dabur India has completed the acquisition of Badshah Masala, one of India's leading spice brands, for ₹587 crore. The deal strengthens Dabur's food and beverage portfolio and gives it a strong foothold in the branded spices and condiments market.",original,exact_title_hash + tfidf_cosine (threshold=0.2),5.0,8.5,0.0,Acquisition,22.5,9,1,Tier 1 – verified outlet,True,404,"Trusted domain — article may have moved (HTTP 404, accepted)","Dabur Acquires Badshah Masala for ₹587 Crore Dabur India has completed the acquisition of Badshah Masala, one of India's leading spice brands, for ₹587 crore",Dabur,₹587 Crore
ART0059,Heineken Acquires Distell Wine and Cider Business,Heineken has completed the acquisition of Distell Group's wine and cider assets in Africa as part of a broader transaction. The deal strengthens Heineken's premium portfolio across Africa's growing middle class markets.,Reuters,2023-03-13,https://www.reuters.com/business/coca-cola-acquires-bodyarmor-sports-drink-brand-2021-11-18/,,Heineken Acquires Distell Wine and Cider Business. Heineken has completed the acquisition of Distell Group's wine and cider assets in Africa as part of a broader transaction. The deal strengthens Heineken's premium portfolio across Africa's growing middle class markets.,original,exact_title_hash + tfidf_cosine (threshold=0.2),3.5,9.5,0.0,Acquisition,22.0,9,1,Tier 1 – verified outlet,True,401,Trusted domain with HTTP 401 (possible paywall — accepted),Heineken Acquires Distell Wine and Cider Business Heineken has completed the acquisition of Distell Group's wine and cider assets in Africa as part of a broader transaction,Heineken,
ART0255,Emami Acquires DermiCool Brand from Reckitt Benckiser,Emami Limited has agreed to acquire the DermiCool prickly heat powder brand from Reckitt Benckiser India. The acquisition strengthens Emami's personal care portfolio and leverages its strong distribution network in rural India.,Financial Times,2019-08-27,https://www.cnbc.com/2023/10/20/keurig-dr-pepper-ghost-energy-drink-deal.html,,Emami Acquires DermiCool Brand from Reckitt Benckiser. Emami Limited has agreed to acquire the DermiCool prickly heat powder brand from Reckitt Benckiser India. The acquisition strengthens Emami's personal care portfolio and leverages its strong distribution network in rural India.,original,exact_title_hash + tfidf_cosine (threshold=0.2),5.5,7.5,0.0,Acquisition,22.0,9,1,Tier 1 – verified outlet,True,404,"Trusted domain — article may have moved (HTTP 404, accepted)",Emami Acquires DermiCool Brand from Reckitt Benckiser Emami Limited has agreed to acquire the DermiCool prickly heat powder brand from Reckitt Benckiser India,Reckitt,
ART0078,Breaking: ITC Acquires Yoga Bar Health Food Brand for ₹256 Crore,"ITC Limited has completed the acquisition of Yoga Bar, the direct-to-consumer health food and nutrition brand, for approximately ₹256 crore. The acquisition accelerates ITC's expansion in the health and wellness food category in India.",Forbes,2022-01-18,https://economictimes.indiatimes.com/industry/cons-products/fmcg/dabur-acquires-badshah-masala-spices-2022/articleshow/90234567.cms,,"Breaking: ITC Acquires Yoga Bar Health Food Brand for ₹256 Crore. ITC Limited has completed the acquisition of Yoga Bar, the direct-to-consumer health food and nutrition brand, for approximately ₹256 crore. The acquisition accelerates ITC's expansion in the health and wellness food category in India.",original,exact_title_hash + tfidf_cosine (threshold=0.2),7.0,7.5,0.0,Acquisition,21.5,7,2,Tier 2 – verified outlet,True,403,Trusted domain with HTTP 403 (possible paywall — accepted),"Breaking: ITC Acquires Yoga Bar Health Food Brand for ₹256 Crore ITC Limited has completed the acquisition of Yoga Bar, the direct-to-consumer health food and nutrition brand, for approximately ₹256 crore",Yoga Bar,₹256 Crore
ART0113,Mondelez Acquires Clif Bar & Company for $2.9 Billion,"Mondelez International has completed the acquisition of Clif Bar & Company for approximately $2.9 billion, adding the iconic energy bar brand to its snacking portfolio. The deal strengthens Mondelez's presence in the better-for-you snack bars category.",Bloomberg,2022-08-01,https://www.bloomberg.com/news/articles/2024-01-15/unilever-minimalist-acquisition,,"Mondelez Acquires Clif Bar & Company for $2.9 Billion. Mondelez International has completed the acquisition of Clif Bar & Company for approximately $2.9 billion, adding the iconic energy bar brand to its snacking portfolio. The deal strengthens Mondelez's presence in the better-for-you snack bars category.",original,exact_title_hash + tfidf_cosine (threshold=0.2),4.0,8.5,0.0,Acquisition,21.5,9,1,Tier 1 – verified outlet,True,404,"Trusted domain — article may have moved (HTTP 404, accepted)","Mondelez Acquires Clif Bar & Company for $2.9 Billion Mondelez International has completed the acquisition of Clif Bar & Company for approximately $2.9 billion, adding the iconic energy bar brand to its snacking portfolio",Mondelez,$2.9 Billion
ART0073,Diageo Acquires Aviation American Gin for Up to $610 Million,"Diageo has completed the acquisition of Aviation American Gin, the craft gin brand backed by Ryan Reynolds, for up to $610 million. The deal expands Diageo's North American gin portfolio and leverages Aviation's strong celebrity-driven brand equity.",Reuters,2020-08-10,https://www.reuters.com/business/retail-consumer/danone-sells-horizon-organic-earthbound-farm-2022-07-08/,,"Diageo Acquires Aviation American Gin for Up to $610 Million. Diageo has completed the acquisition of Aviation American Gin, the craft gin brand backed by Ryan Reynolds, for up to $610 million. The deal expands Diageo's North American gin portfolio and leverages Aviation's strong celebrity-driven brand equity.",original,exact_title_hash + tfidf_cosine (threshold=0.2),4.0,8.5,0.0,Acquisition,21.5,9,1,Tier 1 – verified outlet,True,401,Trusted domain with HTTP 401 (possible paywall — accepted),"Diageo Acquires Aviation American Gin for Up to $610 Million Diageo has completed the acquisition of Aviation American Gin, the craft gin brand backed by Ryan Reynolds, for up to $610 million",Diageo,$610 Million
ART0184,General Mills Acquires Pet Food Brand for $1.2 Billion,"General Mills has agreed to acquire a leading premium pet food brand for approximately $1.2 billion, expanding its Blue Buffalo pet platform. The acquisition targets the fast-growing naturals and premium pet food category, which has shown consistent double-digit growth.",Financial Times,2023-09-05,https://www.cnbc.com/2024/03/14/pepsico-acquires-poppi-prebiotic-soda-brand.html,,"General Mills Acquires Pet Food Brand for $1.2 Billion. General Mills has agreed to acquire a leading premium pet food brand for approximately $1.2 billion, expanding its Blue Buffalo pet platform. The acquisition targets the fast-growing naturals and premium pet food category, which has shown consistent double-digit growth.",original,exact_title_hash + tfidf_cosine (threshold=0.2),5.0,7.5,0.0,Acquisition,21.5,9,1,Tier 1 – verified outlet,True,404,"Trusted domain — article may have moved (HTTP 404, accepted)","General Mills Acquires Pet Food Brand for $1.2 Billion General Mills has agreed to acquire a leading premium pet food brand for approximately $1.2 billion, expanding its Blue Buffalo pet platform",General Mills,$1.2 Billion
ART0130,Nestlé Acquires Orgain Organic Nutrition Brand,"Nestlé Health Science has acquired Orgain, the fast-growing organic and plant-based nutrition brand, to strengthen its consumer nutrition portfolio. Orgain's protein shakes and nutrition powders are popular in the US and complement Nestlé's Boost and Carnation brands.",Bloomberg,2022-04-01,https://www.bloomberg.com/news/articles/2023-08-08/campbells-rao-homemade-sauce,,"Nestlé Acquires Orgain Organic Nutrition Brand. Nestlé Health Science has acquired Orgain, the fast-growing organic and plant-based nutrition brand, to strengthen its consumer nutrition portfolio. Orgain's protein shakes and nutrition powders are popular in the US and complement Nestlé's Boost and Carnation brands.",original,exact_title_hash + tfidf_cosine (threshold=0.2),5.0,7.5,0.0,Acquisition,21.5,9,1,Tier 1 – verified outlet,True,404,"Trusted domain — article may have moved (HTTP 404, accepted)","Nestlé Acquires Orgain Organic Nutrition Brand Nestlé Health Science has acquired Orgain, the fast-growing organic and plant-based nutrition brand, to strengthen its consumer nutrition portfolio",Nestlé,
ART0425,Carlsberg Acquires Brixton Brewing Company,"Carlsberg UK has completed the acquisition of Brixton Brewing Company, the award-winning South London craft brewery. The deal adds authentic craft credentials to Carlsberg's UK beer portfolio.",Reuters,2020-12-10,https://www.reuters.com/business/coca-cola-acquires-bodyarmor-sports-drink-brand-2021-11-18/,,"Carlsberg Acquires Brixton Brewing Company. Carlsberg UK has completed the acquisition of Brixton Brewing Company, the award-winning South London craft brewery. The deal adds authentic craft credentials to Carlsberg's UK beer portfolio.",original,exact_title_hash + tfidf_cosine (threshold=0.2),3.5,8.5,0.0,Acquisition,21.0,9,1,Tier 1 – verified outlet,True,401,Trusted domain with HTTP 401 (possible paywall — accepted),"Carlsberg Acquires Brixton Brewing Company Carlsberg UK has completed the acquisition of Brixton Brewing Company, the award-winning South London craft brewery",Carlsberg,
ART0032,Unilever Sells Dollar Shave Club to Private Equity,"Unilever has agreed to sell Dollar Shave Club to Nexus Capital Management, a private equity firm, for an undisclosed sum, writing off most of its $1 billion investment. The divestiture reflects Unilever's strategy to streamline its portfolio and exit underperforming D2C brands.",Reuters,2023-08-11,https://www.reuters.com/business/retail-consumer/danone-sells-horizon-organic-earthbound-farm-2022-07-08/,,"Unilever Sells Dollar Shave Club to Private Equity. Unilever has agreed to sell Dollar Shave Club to Nexus Capital Management, a private equity firm, for an undisclosed sum, writing off most of its $1 billion investment. The divestiture reflects Unilever's strategy to streamline its portfolio and exit underperforming D2C brands.",original,exact_title_hash + tfidf_cosine (threshold=0.2),2.0,10.0,0.0,Investment,21.0,9,1,Tier 1 – verified outlet,True,401,Trusted domain with HTTP 401 (possible paywall — accepted),"Unilever Sells Dollar Shave Club to Private Equity Unilever has agreed to sell Dollar Shave Club to Nexus Capital Management, a private equity firm, for an undisclosed sum, writing off most of its $1 billion investment",Unilever,$1 billion
ART0408,Ferrero Acquires Fox's Biscuits from 2 Sisters Food Group,"Ferrero has completed the acquisition of Fox's Biscuits, the iconic UK biscuit brand, from 2 Sisters Food Group for an undisclosed sum. The deal strengthens Ferrero's European sweet biscuit portfolio.",Reuters,2020-09-03,https://www.reuters.com/business/retail-consumer/unilever-agrees-sell-dollar-shave-club-private-equity-2023-08-11/,,"Ferrero Acquires Fox's Biscuits from 2 Sisters Food Group. Ferrero has completed the acquisition of Fox's Biscuits, the iconic UK biscuit brand, from 2 Sisters Food Group for an undisclosed sum. The deal strengthens Ferrero's European sweet biscuit portfolio.",original,exact_title_hash + tfidf_cosine (threshold=0.2),3.5,8.5,0.0,Acquisition,21.0,9,1,Tier 1 – verified outlet,True,401,Trusted domain with HTTP 401 (possible paywall — accepted),"Ferrero Acquires Fox's Biscuits from 2 Sisters Food Group Ferrero has completed the acquisition of Fox's Biscuits, the iconic UK biscuit brand, from 2 Sisters Food Group for an undisclosed sum",Ferrero,2
ART0204,AB InBev Acquires Craft Beer Portfolio from Various Brands,"Anheuser-Busch InBev has completed the acquisition of several craft beer brands to strengthen its premium portfolio. The deal spans brands across the US and Europe, reflecting AB InBev's strategy to capture the growing craft and premium beer segment globally.",Bloomberg,2023-04-22,https://www.bloomberg.com/news/articles/2024-03-14/pepsico-poppi-soda-acquisition,,"AB InBev Acquires Craft Beer Portfolio from Various Brands. Anheuser-Busch InBev has completed the acquisition of several craft beer brands to strengthen its premium portfolio. The deal spans brands across the US and Europe, reflecting AB InBev's strategy to capture the growing craft and premium beer segment globally.",original,exact_title_hash + tfidf_cosine (threshold=0.2),3.5,8.5,0.0,Acquisition,21.0,9,1,Tier 1 – verified outlet,True,404,"Trusted domain — article may have moved (HTTP 404, accepted)",AB InBev Acquires Craft Beer Portfolio from Various Brands Anheuser-Busch InBev has completed the acquisition of several craft beer brands to strengthen its premium portfolio,Ab Inbev,
ART0329,Sequoia Capital Invests in Epigamia Greek Yogurt Brand,"Sequoia Capital India has led a Series C funding round of ₹200 crore in Epigamia, the premium Greek yogurt and protein desserts brand. The investment will fuel product expansion and offline retail distribution across Tier-1 and Tier-2 cities.",Reuters,2021-09-10,https://www.reuters.com/business/retail-consumer/pepsico-buys-siete-foods-mexican-heritage-brand-2024-10-07/,,"Sequoia Capital Invests in Epigamia Greek Yogurt Brand. Sequoia Capital India has led a Series C funding round of ₹200 crore in Epigamia, the premium Greek yogurt and protein desserts brand. The investment will fuel product expansion and offline retail distribution across Tier-1 and Tier-2 cities.",original,exact_title_hash + tfidf_cosine (threshold=0.2),2.0,10.0,0.0,Investment,21.0,9,1,Tier 1 – verified outlet,True,401,Trusted domain with HTTP 401 (possible paywall — accepted),"Sequoia Capital Invests in Epigamia Greek Yogurt Brand Sequoia Capital India has led a Series C funding round of ₹200 crore in Epigamia, the premium Greek yogurt and protein desserts brand",Epigamia,₹200 crore
ART0430,Hindustan Unilever and Dabur Form Joint Venture in Home Care,Hindustan Unilever Limited and Dabur India have announced a joint venture to co-develop and market home care products targeting the value segment in rural India. The JV will leverage HUL's manufacturing and Dabur's rural distribution network.,Economic Times,2023-11-15,https://economictimes.indiatimes.com/industry/cons-products/fmcg/emami-acquires-dermicool-brand-reckitt-benckiser/articleshow/72345678.cms,,Hindustan Unilever and Dabur Form Joint Venture in Home Care. Hindustan Unilever Limited and Dabur India have announced a joint venture to co-develop and market home care products targeting the value segment in rural India. The JV will leverage HUL's manufacturing and Dabur's rural distribution network.,original,exact_title_hash + tfidf_cosine (threshold=0.2),8.0,5.0,0.0,Joint Venture,20.0,7,2,Tier 2 – verified outlet,True,403,Trusted domain with HTTP 403 (possible paywall — accepted),Hindustan Unilever and Dabur Form Joint Venture in Home Care Hindustan Unilever Limited and Dabur India have announced a joint venture to co-develop and market home care products targeting the value segment in rural India,Unilever,
ART0499,Hershey Acquires Dot's Pretzels and Pretzels Inc.,"The Hershey Company has agreed to acquire Dot's Pretzels and Pretzels Inc. for a combined $1.2 billion. The deal diversifies Hershey beyond confectionery into the savory snacking segment, creating a more balanced salty and sweet snacks portfolio.",Reuters,2021-12-20,https://www.reuters.com/business/procter-gamble-acquires-native-natural-deodorant-brand-2017-11-10/,,"Hershey Acquires Dot's Pretzels and Pretzels Inc.. The Hershey Company has agreed to acquire Dot's Pretzels and Pretzels Inc. for a combined $1.2 billion. The deal diversifies Hershey beyond confectionery into the savory snacking segment, creating a more balanced salty and sweet snacks portfolio.",original,exact_title_hash + tfidf_cosine (threshold=0.2),5.0,6.0,0.0,Acquisition,20.0,9,1,Tier 1 – verified outlet,True,401,Trusted domain with HTTP 401 (possible paywall — accepted),Hershey Acquires Dot's Pretzels and Pretzels Inc. The Hershey Company has agreed to acquire Dot's Pretzels and Pretzels Inc. for a combined $1.2 billion,Hershey,$1.2 billion
ART0392,Kellogg's Acquires Rxbar Protein Bar for $600 Million,"Kellogg Company has agreed to acquire Rxbar, the clean-label protein bar company, for $600 million. Rxbar's transparent minimal-ingredient approach has resonated with health-conscious consumers and represents Kellogg's expansion into better-for-you snacking.",Reuters,2017-10-06,https://www.reuters.com/business/campbells-acquires-sovos-brands-rao-homemade-sauce-2023-08-08/,,"Kellogg's Acquires Rxbar Protein Bar for $600 Million. Kellogg Company has agreed to acquire Rxbar, the clean-label protein bar company, for $600 million. Rxbar's transparent minimal-ingredient approach has resonated with health-conscious consumers and represents Kellogg's expansion into better-for-you snacking.",original,exact_title_hash + tfidf_cosine (threshold=0.2),6.0,5.0,0.0,Acquisition,20.0,9,1,Tier 1 – verified outlet,True,401,Trusted domain with HTTP 401 (possible paywall — accepted),"Kellogg's Acquires Rxbar Protein Bar for $600 Million Kellogg Company has agreed to acquire Rxbar, the clean-label protein bar company, for $600 million",Kellogg,$600 Million
ART0142,Nestlé Sells Skin Health Business for CHF 10.2 Billion,"Nestlé has completed the divestiture of its skin health business Galderma to a consortium led by EQT Partners for CHF 10.2 billion. The sale allows Nestlé to sharpen its focus on core nutrition, health science, and coffee businesses.",Bloomberg,2019-10-01,https://www.bloomberg.com/news/articles/2023-09-11/smuckers-hostess-twinkies,,"Nestlé Sells Skin Health Business for CHF 10.2 Billion. Nestlé has completed the divestiture of its skin health business Galderma to a consortium led by EQT Partners for CHF 10.2 billion. The sale allows Nestlé to sharpen its focus on core nutrition, health science, and coffee businesses.",original,exact_title_hash + tfidf_cosine (threshold=0.2),5.0,5.0,0.0,Divestiture,19.0,9,1,Tier 1 – verified outlet,True,404,"Trusted domain — article may have moved (HTTP 404, accepted)",Nestlé Sells Skin Health Business for CHF 10.2 Billion Nestlé has completed the divestiture of its skin health business Galderma to a consortium led by EQT Partners for CHF 10.2 billion,Nestlé,10.2 Billion
ART0139,Unilever Sells Ekaterra Tea Business for €4.5 Billion,"Unilever has completed the sale of its tea business Ekaterra — home to PG Tips, Lipton, and Brooke Bond brands — to CVC Capital Partners for €4.5 billion. The divestiture is part of Unilever's multi-year strategy to streamline its portfolio toward higher-growth personal care and beauty segments.",Financial Times,2022-07-01,https://www.cnbc.com/2024/03/14/pepsico-acquires-poppi-prebiotic-soda-brand.html,,"Unilever Sells Ekaterra Tea Business for €4.5 Billion. Unilever has completed the sale of its tea business Ekaterra — home to PG Tips, Lipton, and Brooke Bond brands — to CVC Capital Partners for €4.5 billion. The divestiture is part of Unilever's multi-year strategy to streamline its portfolio toward higher-growth personal care and beauty segments.",original,exact_title_hash + tfidf_cosine (threshold=0.2),5.0,5.0,0.0,Divestiture,19.0,9,1,Tier 1 – verified outlet,True,404,"Trusted domain — article may have moved (HTTP 404, accepted)",Unilever Sells Ekaterra Tea Business for €4.5 Billion The divestiture is part of Unilever's multi-year strategy to streamline its portfolio toward higher-growth personal care and beauty segments.,Unilever,€4.5 Billion
ART0109,Nestlé India Invests in Plant-Based Food Startup,"Nestlé India has made a strategic investment in Young Earth, a plant-based food startup, as part of its commitment to sustainable nutrition. The investment signals Nestlé's growing focus on plant-based proteins and alternative nutrition products in the Indian market.",Economic Times,2023-03-20,https://economictimes.indiatimes.com/industry/cons-products/fmcg/idf-invests-in-slurrp-farm-healthy-baby-food/articleshow/98765432.cms,,"Nestlé India Invests in Plant-Based Food Startup. Nestlé India has made a strategic investment in Young Earth, a plant-based food startup, as part of its commitment to sustainable nutrition. The investment signals Nestlé's growing focus on plant-based proteins and alternative nutrition products in the Indian market.",original,exact_title_hash + tfidf_cosine (threshold=0.2),6.5,5.0,0.0,Investment,18.5,7,2,Tier 2 – verified outlet,True,403,Trusted domain with HTTP 403 (possible paywall — accepted),"Nestlé India Invests in Plant-Based Food Startup Nestlé India has made a strategic investment in Young Earth, a plant-based food startup, as part of its commitment to sustainable nutrition",Nestlé,
ART0391,Reckitt Acquires Biofreeze Pain Relief Brand from Performance Health,"Reckitt has agreed to acquire Biofreeze, the topical pain relief brand from Performance Health, for approximately $350 million. The acquisition strengthens Reckitt's consumer health portfolio in the sports and pain management category.",Bloomberg,2019-03-21,https://www.bloomberg.com/news/articles/2024-01-15/unilever-minimalist-acquisition,,"Reckitt Acquires Biofreeze Pain Relief Brand from Performance Health. Reckitt has agreed to acquire Biofreeze, the topical pain relief brand from Performance Health, for approximately $350 million. The acquisition strengthens Reckitt's consumer health portfolio in the sports and pain management category.",original,exact_title_hash + tfidf_cosine (threshold=0.2),2.0,7.5,0.0,Acquisition,18.5,9,1,Tier 1 – verified outlet,True,404,"Trusted domain — article may have moved (HTTP 404, accepted)","Reckitt Acquires Biofreeze Pain Relief Brand from Performance Health Reckitt has agreed to acquire Biofreeze, the topical pain relief brand from Performance Health, for approximately $350 million",Reckitt,$350 million
ART0349,Pernod Ricard Acquires Sovereign Brands Portfolio,Pernod Ricard has agreed to acquire a portfolio of luxury spirits brands from Sovereign Brands to strengthen its ultra-premium spirits segment. The deal includes several celebrity-backed spirits brands with strong off-premise and on-premise distribution.,Financial Times,2023-06-22,https://www.livemint.com/companies/news/pepsico-india-invests-in-local-d2c-snack-startup/article456789.html,,Pernod Ricard Acquires Sovereign Brands Portfolio. Pernod Ricard has agreed to acquire a portfolio of luxury spirits brands from Sovereign Brands to strengthen its ultra-premium spirits segment. The deal includes several celebrity-backed spirits brands with strong off-premise and on-premise distribution.,original,exact_title_hash + tfidf_cosine (threshold=0.2),3.5,6.0,0.0,Acquisition,18.5,9,1,Tier 1 – verified outlet,True,404,"Trusted domain — article may have moved (HTTP 404, accepted)",Pernod Ricard Acquires Sovereign Brands Portfolio Pernod Ricard has agreed to acquire a portfolio of luxury spirits brands from Sovereign Brands to strengthen its ultra-premium spirits segment,Pernod Ricard,
ART0301,Bajaj Consumer Care Acquires Nomarks Skincare Range from Ozone,Bajaj Consumer Care has agreed to acquire the Nomarks skincare brand and product portfolio from Ozone Pharmaceuticals for an undisclosed sum. The acquisition strengthens Bajaj's skincare range alongside its established hair care business.,Mint,2019-11-07,https://www.livemint.com/companies/news/tata-consumer-products-acquires-capital-foods-ching-secret/article345678.html,,Bajaj Consumer Care Acquires Nomarks Skincare Range from Ozone. Bajaj Consumer Care has agreed to acquire the Nomarks skincare brand and product portfolio from Ozone Pharmaceuticals for an undisclosed sum. The acquisition strengthens Bajaj's skincare range alongside its established hair care business.,original,exact_title_hash + tfidf_cosine (threshold=0.2),3.5,7.5,0.0,Acquisition,18.0,7,2,Tier 2 – verified outlet,True,404,"Trusted domain — article may have moved (HTTP 404, accepted)",Bajaj Consumer Care Acquires Nomarks Skincare Range from Ozone Bajaj Consumer Care has agreed to acquire the Nomarks skincare brand and product portfolio from Ozone Pharmaceuticals for an undisclosed sum,Bajaj Consumer,
ART0034,Report: Nestlé Sells North American Water Brands for $4.3 Billion,"Nestlé has completed the sale of its North American water brands — including Poland Spring, Deer Park, and Arrowhead — to One Rock Capital Partners for $4.3 billion. The divestiture is part of Nestlé's strategic pivot toward higher-margin, premium water and nutrition products under its Nestlé Pure Life and Perrier brands.",Reuters,2021-02-17,https://www.reuters.com/business/procter-gamble-acquires-native-natural-deodorant-brand-2017-11-10/,,"Report: Nestlé Sells North American Water Brands for $4.3 Billion. Nestlé has completed the sale of its North American water brands — including Poland Spring, Deer Park, and Arrowhead — to One Rock Capital Partners for $4.3 billion. The divestiture is part of Nestlé's strategic pivot toward higher-margin, premium water and nutrition products under its Nestlé Pure Life and Perrier brands.",original,exact_title_hash + tfidf_cosine (threshold=0.2),3.5,5.0,0.0,Divestiture,17.5,9,1,Tier 1 – verified outlet,True,401,Trusted domain with HTTP 401 (possible paywall — accepted),"Report: Nestlé Sells North American Water Brands for $4.3 Billion The divestiture is part of Nestlé's strategic pivot toward higher-margin, premium water and nutrition products under its Nestlé Pure Life and Perrier brands.",Nestlé,$4.3 Billion
ART0429,IDF Invests in Slurrp Farm Healthy Baby Food Startup — Sources Confirm,"India Food Fund (IDF) has invested ₹30 crore in Slurrp Farm, the healthy baby and toddler food brand. The startup uses ancient grains and clean ingredients to create nutritious products for children. The funding will be used for product development and distribution expansion.",Financial Times,2022-11-08,https://economictimes.indiatimes.com/industry/cons-products/fmcg/godrej-consumer-products-divests-hair-colour-portfolio/articleshow/95432109.cms,,"IDF Invests in Slurrp Farm Healthy Baby Food Startup — Sources Confirm. India Food Fund (IDF) has invested ₹30 crore in Slurrp Farm, the healthy baby and toddler food brand. The startup uses ancient grains and clean ingredients to create nutritious products for children. The funding will be used for product development and distribution expansion.",original,exact_title_hash + tfidf_cosine (threshold=0.2),3.5,5.0,0.0,Investment,17.5,9,1,Tier 1 – verified outlet,True,403,Trusted domain with HTTP 403 (possible paywall — accepted),"IDF Invests in Slurrp Farm Healthy Baby Food Startup — Sources Confirm India Food Fund (IDF) has invested ₹30 crore in Slurrp Farm, the healthy baby and toddler food brand",Slurrp Farm,₹30 crore
ART0539,Danone Sells Horizon Organic and Earthbound Farm Brands,Danone has agreed to sell its Horizon Organic and Earthbound Farm brands to Platinum Equity as part of its ongoing portfolio simplification. The deal is valued at approximately $900 million and reflects Danone's focus on its core dairy and plant-based platforms.,Reuters,2022-07-08,https://www.reuters.com/business/retail-consumer/unilever-agrees-buy-minimalist-owner-good-glamm-group-2024-01-15/,,Danone Sells Horizon Organic and Earthbound Farm Brands. Danone has agreed to sell its Horizon Organic and Earthbound Farm brands to Platinum Equity as part of its ongoing portfolio simplification. The deal is valued at approximately $900 million and reflects Danone's focus on its core dairy and plant-based platforms.,original,exact_title_hash + tfidf_cosine (threshold=0.2),5.0,3.5,0.0,Divestiture,17.5,9,1,Tier 1 – verified outlet,True,401,Trusted domain with HTTP 401 (possible paywall — accepted),Danone Sells Horizon Organic and Earthbound Farm Brands The deal is valued at approximately $900 million and reflects Danone's focus on its core dairy and plant-based platforms.,Danone,$900 million
ART0374,PepsiCo India Invests in Local D2C Snack Startup,PepsiCo India has made a strategic investment in a local D2C snack startup as part of its broader innovation agenda. The investment provides PepsiCo with access to emerging snack formats and direct-to-consumer capabilities while supporting Indian entrepreneurship.,Mint,2023-08-22,https://www.livemint.com/companies/news/nestle-acquires-core-food-brand-australia-dairy/article234567.html,,PepsiCo India Invests in Local D2C Snack Startup. PepsiCo India has made a strategic investment in a local D2C snack startup as part of its broader innovation agenda. The investment provides PepsiCo with access to emerging snack formats and direct-to-consumer capabilities while supporting Indian entrepreneurship.,original,exact_title_hash + tfidf_cosine (threshold=0.2),4.0,5.0,0.0,Investment,16.0,7,2,Tier 2 – verified outlet,True,404,"Trusted domain — article may have moved (HTTP 404, accepted)",PepsiCo India Invests in Local D2C Snack Startup PepsiCo India has made a strategic investment in a local D2C snack startup as part of its broader innovation agenda,Pepsi,2
ART0451,Retail Tech Startup Nexus Raises $80M for AI-Powered Shelf Analytics,Nexus Retail AI has closed an $80 million Series C funding round to expand its AI-powered shelf analytics and demand forecasting platform. The company serves over 200 FMCG brands globally with real-time retail execution insights.,TechCrunch,2024-02-19,https://economictimes.indiatimes.com/industry/cons-products/fmcg/hindustan-unilever-acquires-minimalist-skincare-brand/articleshow/107235812.cms,,Retail Tech Startup Nexus Raises $80M for AI-Powered Shelf Analytics. Nexus Retail AI has closed an $80 million Series C funding round to expand its AI-powered shelf analytics and demand forecasting platform. The company serves over 200 FMCG brands globally with real-time retail execution insights.,original,exact_title_hash + tfidf_cosine (threshold=0.2),1.5,7.5,0.0,Investment,14.0,5,3,Tier 3 – verified outlet,True,403,Trusted domain with HTTP 403 (possible paywall — accepted),Retail Tech Startup Nexus Raises $80M for AI-Powered Shelf Analytics Nexus Retail AI has closed an $80 million Series C funding round to expand its AI-powered shelf analytics and demand forecasting platform,TechCrunch,$80M
